{
	"result": {
		"predictions": 0,
		"scores": [
			0.9068544064724676,
			0.0931455935275324
		]
	}
}